<beans xmlns="http://www.springframework.org/schema/beans"
	xmlns:xsi="http://www.w3.org/2001/XMLSchema-instance" xmlns:p="http://www.springframework.org/schema/p"
	xmlns:aop="http://www.springframework.org/schema/aop" xmlns:context="http://www.springframework.org/schema/context"
	xmlns:jee="http://www.springframework.org/schema/jee" xmlns:tx="http://www.springframework.org/schema/tx"
	xmlns:task="http://www.springframework.org/schema/task"
	xsi:schemaLocation="http://www.springframework.org/schema/aop http://www.springframework.org/schema/aop/spring-aop-3.2.xsd http://www.springframework.org/schema/beans http://www.springframework.org/schema/beans/spring-beans-3.2.xsd http://www.springframework.org/schema/context http://www.springframework.org/schema/context/spring-context-3.2.xsd http://www.springframework.org/schema/jee http://www.springframework.org/schema/jee/spring-jee-3.2.xsd http://www.springframework.org/schema/tx http://www.springframework.org/schema/tx/spring-tx-3.2.xsd http://www.springframework.org/schema/task http://www.springframework.org/schema/task/spring-task-3.2.xsd">

	<bean id="CustomDateBean"
		class="com.service.CustomDate">
		<property name="date" value="1997-06-14-08:00:24;+0300"/>
	</bean>
	<bean id="dateEditor"
		class="org.springframework.beans.propertyeditors.CustomDateEditor">
 
		<constructor-arg>
			<bean class="java.text.SimpleDateFormat">
				<constructor-arg value="yyyy-MM-dd-HH:mm:ss;z" />
			</bean>
		</constructor-arg>
		<constructor-arg value="true" />
 
	</bean>
 
	<bean class="org.springframework.beans.factory.config.CustomEditorConfigurer">
		<property name="customEditors">
			<map>
				<entry key="java.util.Date">
					<ref local="dateEditor" />
				</entry>
			</map>
		</property>
	</bean>
</beans>