<?xml version = "1.0" encoding = "UTF-8"?>

<beans xmlns = "http://www.springframework.org/schema/beans"
   xmlns:xsi = "http://www.w3.org/2001/XMLSchema-instance"
   xsi:schemaLocation = "http://www.springframework.org/schema/beans
   http://www.springframework.org/schema/beans/spring-beans-3.0.xsd">

   <!-- Definition for textEditor bean -->

   <bean id = "bds"
class = "org.apache.commons.dbcp.BasicDataSource">
   <property name = "driverClassName" value = "com.mysql.cj.jdbc.Driver"/>
   <property name = "url" value = "jdbc:mysql://localhost:3306/sg20280"/>
   <property name = "username" value = "root"/>
   <property name = "password" value = "root"/>
</bean>

   <!-- Definition for spellChecker bean -->
   <bean id = "dao" class = "com.dao.StudentDaoImpl">
   <property name = "ds" ref="bds"/>
   </bean>

</beans>