<?xml version = "1.0" encoding = "UTF-8"?>

<beans xmlns = "http://www.springframework.org/schema/beans"
   xmlns:xsi = "http://www.w3.org/2001/XMLSchema-instance"
   xsi:schemaLocation = "http://www.springframework.org/schema/beans
   http://www.springframework.org/schema/beans/spring-beans-3.0.xsd">

   <!-- Definition for textEditor bean -->
   <bean id = "register" class = "com.model.Register">
      <constructor-arg value ="sairam" />
      <constructor-arg value ="4654651324"/>
      <constructor-arg value ="250000.0"/>
      <constructor-arg value ="Hyderabad"/> 
   </bean>
   <bean id = "customer" class = "com.model.Customer">
      <constructor-arg value ="48465465151" />
      <constructor-arg value ="sairam"/>
      <constructor-arg value ="25000.0"/>
   </bean>
   <bean id = "employee" class = "com.model.Employee">
      <constructor-arg value ="sg20280" />
      <constructor-arg value ="sairam123"/>
      
   </bean>
   <bean id = "manager" class = "com.model.Manager">
      <constructor-arg value ="123456" />
      <constructor-arg value ="manager123"/>
   </bean>
   <bean id = "branch" class = "com.model.Branch">
      <constructor-arg value ="4723" />
      <constructor-arg value ="raidurgam"/>
      <constructor-arg value ="hyderbad"/>
      <constructor-arg value ="500008"/> 
   </bean>

   <!-- Definition for spellChecker bean -->
   <bean id = "bank" class = "com.model.Bank">
    <constructor-arg ref="manager" />
	<constructor-arg ref="customer" />
	<constructor-arg ref="employee" />
	<constructor-arg ref="register" /> 
	<constructor-arg ref="branch" /> 
   </bean>

</beans>