<beans xmlns="http://www.springframework.org/schema/beans"
    xmlns:xsi="http://www.w3.org/2001/XMLSchema-instance"
    xmlns:context="http://www.springframework.org/schema/context"
    xsi:schemaLocation="http://www.springframework.org/schema/beans
    http://www.springframework.org/schema/beans/spring-beans-3.0.xsd
    http://www.springframework.org/schema/context
    http://www.springframework.org/schema/context/spring-context-3.0.xsd">
 
    <context:property-placeholder location="classpath:database.properties" />
     
    <bean id="database" class="com.model.DatabaseDetails">
        <property name="host" value="${database.host.url}"/>    
        <property name="port" value="${database.port.number}"/>
        <property name="service" value="${database.service.name}"/>
        <property name="url" value="${database.user}"/>
        <property name="password" value="${database.password}"/>
    </bean>
</beans>